{
  "dataset_root": "/data/Bohai_Sea/process_data_sparsemask_2x",
  "component": "Vz",
  "frame_count": 1200,
  "models": [
    {
      "name": "Interp",
      "prediction_dir": "None"
    },
    {
      "name": "DirectActiveMissing",
      "prediction_dir": "/data1/user/lz/wave_movie/testouts/Temporal3DUNet_SparseMask2xHardActiveMissing_Vz_Test/predictions"
    },
    {
      "name": "ResShift200ep",
      "prediction_dir": "/data1/user/lz/wave_movie/testouts/Resshift_SparseMask2xObserved_Vz_MSEAux_200ep/predictions"
    },
    {
      "name": "E18_DataConsistency",
      "prediction_dir": "/data1/user/lz/wave_movie/testouts/Resshift_SparseMask2xObserved_Vz_DataConsistency_E18/predictions"
    }
  ],
  "active_threshold": 0.005,
  "energetic_peak_threshold": 0.05,
  "low_cutoff": 0.125,
  "high_cutoff": 0.25,
  "summary": {
    "DirectActiveMissing:all": {
      "count": 1200.0,
      "rmse_mean": 0.021125311005827214,
      "rmse_median": 0.01969177602112003,
      "mae_mean": 0.008590383429192671,
      "mae_median": 0.008744380211176878,
      "missing_rmse_mean": 0.024393407991857814,
      "missing_rmse_median": 0.022738104373230934,
      "active_missing_rmse_mean": 0.07149659451719126,
      "active_missing_rmse_median": 0.029245134067347404,
      "inactive_missing_rmse_mean": 0.0068545562810931075,
      "inactive_missing_rmse_median": 0.006998725565447882,
      "p99_abs_error_mean": 0.07201479681456567,
      "p99_abs_error_median": 0.06752807267010205,
      "max_abs_error_mean": 0.6177140823961236,
      "max_abs_error_median": 0.4423019289970398,
      "peak_ratio_mean": 0.8892743796624196,
      "peak_ratio_median": 0.9152648693407813,
      "target_peak_ratio_mean": 0.6341772554375799,
      "target_peak_ratio_median": 0.6574863279060411,
      "peak_distance_px_mean": 25.70876574937261,
      "peak_distance_px_median": 1.4142135623730951,
      "acc_mean": 0.7213260339141478,
      "acc_median": 0.7327655468917952,
      "active_missing_acc_mean": 0.6166720205466072,
      "active_missing_acc_median": 0.6370665046303118,
      "low_power_ratio_mean": 0.9314454299030105,
      "low_power_ratio_median": 0.9558675169598909,
      "mid_power_ratio_mean": 0.7150103730184796,
      "mid_power_ratio_median": 0.7395119572150348,
      "high_power_ratio_mean": 0.5927021690251624,
      "high_power_ratio_median": 0.6316146846660039,
      "total_power_ratio_mean": 0.6422006575489229,
      "total_power_ratio_median": 0.6597352765374263
    },
    "DirectActiveMissing:energetic": {
      "count": 1200.0,
      "rmse_mean": 0.021125311005827214,
      "rmse_median": 0.01969177602112003,
      "mae_mean": 0.008590383429192671,
      "mae_median": 0.008744380211176878,
      "missing_rmse_mean": 0.024393407991857814,
      "missing_rmse_median": 0.022738104373230934,
      "active_missing_rmse_mean": 0.07149659451719126,
      "active_missing_rmse_median": 0.029245134067347404,
      "inactive_missing_rmse_mean": 0.0068545562810931075,
      "inactive_missing_rmse_median": 0.006998725565447882,
      "p99_abs_error_mean": 0.07201479681456567,
      "p99_abs_error_median": 0.06752807267010205,
      "max_abs_error_mean": 0.6177140823961236,
      "max_abs_error_median": 0.4423019289970398,
      "peak_ratio_mean": 0.8892743796624196,
      "peak_ratio_median": 0.9152648693407813,
      "target_peak_ratio_mean": 0.6341772554375799,
      "target_peak_ratio_median": 0.6574863279060411,
      "peak_distance_px_mean": 25.70876574937261,
      "peak_distance_px_median": 1.4142135623730951,
      "acc_mean": 0.7213260339141478,
      "acc_median": 0.7327655468917952,
      "active_missing_acc_mean": 0.6166720205466072,
      "active_missing_acc_median": 0.6370665046303118,
      "low_power_ratio_mean": 0.9314454299030105,
      "low_power_ratio_median": 0.9558675169598909,
      "mid_power_ratio_mean": 0.7150103730184796,
      "mid_power_ratio_median": 0.7395119572150348,
      "high_power_ratio_mean": 0.5927021690251624,
      "high_power_ratio_median": 0.6316146846660039,
      "total_power_ratio_mean": 0.6422006575489229,
      "total_power_ratio_median": 0.6597352765374263
    },
    "E18_DataConsistency:all": {
      "count": 1200.0,
      "rmse_mean": 0.015087596141893887,
      "rmse_median": 0.013880759723655586,
      "mae_mean": 0.006834856039709196,
      "mae_median": 0.007226778906436491,
      "missing_rmse_mean": 0.017421655387893586,
      "missing_rmse_median": 0.016028120726018134,
      "active_missing_rmse_mean": 0.046151909777017094,
      "active_missing_rmse_median": 0.02105920542564052,
      "inactive_missing_rmse_mean": 0.007895900113655136,
      "inactive_missing_rmse_median": 0.008319651545759161,
      "p99_abs_error_mean": 0.054186091020610214,
      "p99_abs_error_median": 0.05080450894776727,
      "max_abs_error_mean": 0.39856629484148776,
      "max_abs_error_median": 0.28214068757370114,
      "peak_ratio_mean": 0.9719412756565672,
      "peak_ratio_median": 0.9999999999918501,
      "target_peak_ratio_mean": 0.8564011541632294,
      "target_peak_ratio_median": 0.9229558386052072,
      "peak_distance_px_mean": 17.665682099158683,
      "peak_distance_px_median": 1.0,
      "acc_mean": 0.8430043544860365,
      "acc_median": 0.8600924275563994,
      "active_missing_acc_mean": 0.8062694943296579,
      "active_missing_acc_median": 0.8290476108331452,
      "low_power_ratio_mean": 1.0227908012635145,
      "low_power_ratio_median": 1.0215660253365144,
      "mid_power_ratio_mean": 0.9443691126063959,
      "mid_power_ratio_median": 0.9401513885049492,
      "high_power_ratio_mean": 0.8822487691771091,
      "high_power_ratio_median": 0.9043440041247652,
      "total_power_ratio_mean": 0.9053164831714171,
      "total_power_ratio_median": 0.9156433434100939
    },
    "E18_DataConsistency:energetic": {
      "count": 1200.0,
      "rmse_mean": 0.015087596141893887,
      "rmse_median": 0.013880759723655586,
      "mae_mean": 0.006834856039709196,
      "mae_median": 0.007226778906436491,
      "missing_rmse_mean": 0.017421655387893586,
      "missing_rmse_median": 0.016028120726018134,
      "active_missing_rmse_mean": 0.046151909777017094,
      "active_missing_rmse_median": 0.02105920542564052,
      "inactive_missing_rmse_mean": 0.007895900113655136,
      "inactive_missing_rmse_median": 0.008319651545759161,
      "p99_abs_error_mean": 0.054186091020610214,
      "p99_abs_error_median": 0.05080450894776727,
      "max_abs_error_mean": 0.39856629484148776,
      "max_abs_error_median": 0.28214068757370114,
      "peak_ratio_mean": 0.9719412756565672,
      "peak_ratio_median": 0.9999999999918501,
      "target_peak_ratio_mean": 0.8564011541632294,
      "target_peak_ratio_median": 0.9229558386052072,
      "peak_distance_px_mean": 17.665682099158683,
      "peak_distance_px_median": 1.0,
      "acc_mean": 0.8430043544860365,
      "acc_median": 0.8600924275563994,
      "active_missing_acc_mean": 0.8062694943296579,
      "active_missing_acc_median": 0.8290476108331452,
      "low_power_ratio_mean": 1.0227908012635145,
      "low_power_ratio_median": 1.0215660253365144,
      "mid_power_ratio_mean": 0.9443691126063959,
      "mid_power_ratio_median": 0.9401513885049492,
      "high_power_ratio_mean": 0.8822487691771091,
      "high_power_ratio_median": 0.9043440041247652,
      "total_power_ratio_mean": 0.9053164831714171,
      "total_power_ratio_median": 0.9156433434100939
    },
    "Interp:all": {
      "count": 1200.0,
      "rmse_mean": 0.03368947729384877,
      "rmse_median": 0.03160413347435556,
      "mae_mean": 0.010567902625068086,
      "mae_median": 0.010431584388355317,
      "missing_rmse_mean": 0.03890125756892273,
      "missing_rmse_median": 0.03649330993784809,
      "active_missing_rmse_mean": 0.10699667198694836,
      "active_missing_rmse_median": 0.04621628818731617,
      "inactive_missing_rmse_mean": 0.007149505933770925,
      "inactive_missing_rmse_median": 0.007403538094835344,